{
    "definition": {
        "$schema": "https://schema.management.azure.com/providers/Microsoft.Logic/schemas/2016-06-01/workflowdefinition.json#",
        "actions": {
            "HTTP": {
                "inputs": {
                    "authentication": {
                        "password": "password",
                        "type": "Basic",
                        "username": "$username"
                    },
                    "method": "POST",
                    "uri": "https://appname-webjob.scm.azurewebsites.net/api/webjobtype/webjobname/run"
                },
                "runAfter": {},
                "type": "Http"
            }
        },
        "contentVersion": "1.0.0.0",
        "outputs": {},
        "parameters": {},
        "triggers": {
            "Recurrence": {
                "inputs": {},
                "recurrence": {
                    "frequency": "Minute",
                    "interval": 1
                },
                "type": "Recurrence"
            }
        }
    }
}